{"cameraMode":{"drawMode":0,"name":"Shaded","section":"Shading Mode"},"sceneLighting":true,"audioPlay":false,"sceneViewState":{"showFog":true,"showMaterialUpdate":true,"showSkybox":true,"showFlares":true,"showImageEffects":true,"showParticleSystems":true},"in2DMode":false,"pivot":{"x":-4.905481338500977,"y":8.166160583496094,"z":7.980810642242432},"rotation":{"x":0.018907546997070314,"y":-0.40575334429740908,"z":-0.00839761458337307,"w":-0.9137296080589294},"size":6.320790767669678,"orthographic":false}