{"cameraMode":{"drawMode":0,"name":"Shaded","section":"Shading Mode"},"sceneLighting":true,"audioPlay":false,"sceneViewState":{"showFog":true,"showMaterialUpdate":true,"showSkybox":true,"showFlares":true,"showImageEffects":true,"showParticleSystems":true},"in2DMode":false,"pivot":{"x":-22.442644119262697,"y":5.549497127532959,"z":-4.392032623291016},"rotation":{"x":-0.03775794059038162,"y":0.04704263061285019,"z":-0.0017811631551012397,"w":-0.9981586933135986},"size":9.586679458618164,"orthographic":false}